Image_name,labels
35.jpg,0
20_2.jpg,0
6_2.jpg,0
25.jpg,0
P43_1.jpg,1
P37_3.jpg,1
27_1.jpg,0
41_1.jpg,0
38.jpg,0
a3.jpg,1
P7_3.jpg,1
P7_2.jpg,1
32_1.jpg,0
P37_1.jpg,1
P29_1.jpg,1
76_1.jpg,0
37_1.jpg,0
12.jpg,0
22_1.jpg,0
15_1.jpg,0
a24_2.jpg,1
j7_2.jpg,1
70_1.jpg,0
39.jpg,0
P5_2.jpg,1
j1.jpg,1
17_2.jpg,0
a5.jpg,1
37.jpg,0
a23_1.jpg,1
59_1.jpg,0
2_2.jpg,0
20_1.jpg,0
j6_1.jpg,1
P13_2.jpg,1
j3.jpg,1
65_1.jpg,0
62_1.jpg,0
P28_3.jpg,1
29_1.jpg,0
72_1.jpg,0
33_1.jpg,0
P17_2.jpg,1
P36_2.jpg,1
P6_1.jpg,1
a25_2.jpg,1
23_2.jpg,0
43_1.jpg,0
P19_1.jpg,1
75_2.jpg,0
9_1.jpg,0
P9_3.jpg,1
28_1.jpg,0
22_2.jpg,0
21_2.jpg,0
P5_1.jpg,1
P7_1.jpg,1
21_1.jpg,0
P34_1.jpg,1
45_1.jpg,0
P33_1.jpg,1
P19_2.jpg,1
75_1.jpg,0
a13_1.jpg,1
a19.jpg,1
P4_1.jpg,1
4_5.jpg,0
P6_2.jpg,1
11_1.jpg,0
P28_1.jpg,1
P8_2.jpg,1
81_1.jpg,0
P28_2.jpg,1
a17.jpg,1
P18_1.jpg,1
73_1.jpg,0
P38_2.jpg,1
18.jpg,0
4_3.jpg,0
a2.jpg,1
a23_2.jpg,1
80_1.jpg,0
28.jpg,0
P42_1.jpg,1
77_1.jpg,0
67_1.jpg,0
P36_1.jpg,1
60_1.jpg,0
9.jpg,0
j6_2.jpg,1
78_1.jpg,0
j7_1.jpg,1
3_1.jpg,0
P13_1.jpg,1
27.jpg,0
24_1.jpg,0
30_1.jpg,0
2.jpg,0
a22_2.jpg,1
7.jpg,0
79_1.jpg,0
31_1.jpg,0
P9_2.jpg,1
P35_2.jpg,1
a8_1.jpg,1
36.jpg,0
P24_2.jpg,1
20.jpg,0
70_2.jpg,0
63_1.jpg,0
34.jpg,0
P33_2.jpg,1
6_1.jpg,0
a20.jpg,1
P4_2.jpg,1
69_1.jpg,0
a1.jpg,1
23.jpg,0
3.jpg,0
P35_3.jpg,1
5.jpg,0
16_1.jpg,0
P38_1.jpg,1
a14_2.jpg,1
j2.jpg,1
19_2.jpg,0
a9.jpg,1
15.jpg,0
35_1.jpg,0
38_1.jpg,0
P19_3.jpg,1
4_1.jpg,0
13_1.jpg,0
P21_1.jpg,1
61_1.jpg,0
4_4.jpg,0
47_1.jpg,0
17.jpg,0
1_1.jpg,0
16.jpg,0
69_2.jpg,0
54_1.jpg,0
26_1.jpg,0
40.jpg,0
42_1.jpg,0
P8_1.jpg,1
19.jpg,0
P24_1.jpg,1
P18_2.jpg,1
P9_4.jpg,1
a4_1.jpg,1
j8_1.jpg,1
P37_2.jpg,1
P3_3.jpg,1
pos_image_1.png,1
pos_image_2.png,1
pos_image_3.png,1
pos_image_4.png,1
pos_image_5.png,1
pos_image_6.png,1
pos_image_7.png,1
pos_image_8.png,1
pos_image_9.png,1
pos_image_10.png,1
pos_image_11.png,1
pos_image_12.png,1
pos_image_13.png,1
pos_image_14.png,1
pos_image_15.png,1
pos_image_16.png,1
pos_image_17.png,1
pos_image_18.png,1
pos_image_19.png,1
pos_image_20.png,1
pos_image_21.png,1
pos_image_22.png,1
pos_image_23.png,1
pos_image_24.png,1
pos_image_25.png,1
pos_image_26.png,1
pos_image_27.png,1
pos_image_28.png,1
pos_image_29.png,1
pos_image_30.png,1
pos_image_31.png,1
pos_image_32.png,1
pos_image_33.png,1
pos_image_34.png,1
pos_image_35.png,1
pos_image_36.png,1
pos_image_37.png,1
pos_image_38.png,1
pos_image_39.png,1
pos_image_40.png,1
pos_image_41.png,1
pos_image_42.png,1
pos_image_43.png,1
pos_image_44.png,1
pos_image_45.png,1
pos_image_46.png,1
pos_image_47.png,1
pos_image_48.png,1
pos_image_49.png,1
pos_image_50.png,1
pos_image_51.png,1
pos_image_52.png,1
pos_image_53.png,1
pos_image_54.png,1
pos_image_55.png,1
pos_image_56.png,1
pos_image_57.png,1
pos_image_58.png,1
pos_image_59.png,1
pos_image_60.png,1
pos_image_61.png,1
pos_image_62.png,1
pos_image_63.png,1
pos_image_64.png,1
pos_image_65.png,1
pos_image_66.png,1
pos_image_67.png,1
pos_image_68.png,1
pos_image_69.png,1
pos_image_70.png,1
pos_image_71.png,1
pos_image_72.png,1
pos_image_73.png,1
pos_image_74.png,1
pos_image_75.png,1
pos_image_76.png,1
pos_image_77.png,1
pos_image_78.png,1
pos_image_79.png,1
pos_image_80.png,1
pos_image_81.png,1
pos_image_82.png,1
pos_image_83.png,1
pos_image_84.png,1
pos_image_85.png,1
pos_image_86.png,1
pos_image_87.png,1
pos_image_88.png,1
pos_image_89.png,1
pos_image_90.png,1
pos_image_91.png,1
pos_image_92.png,1
pos_image_93.png,1
pos_image_94.png,1
pos_image_95.png,1
pos_image_96.png,1
pos_image_97.png,1
pos_image_98.png,1
pos_image_99.png,1
pos_image_100.png,1
pos_image_101.png,1
pos_image_102.png,1
pos_image_103.png,1
pos_image_104.png,1
pos_image_105.png,1
pos_image_106.png,1
pos_image_107.png,1
pos_image_108.png,1
pos_image_109.png,1
pos_image_110.png,1
pos_image_111.png,1
pos_image_112.png,1
pos_image_113.png,1
pos_image_114.png,1
pos_image_115.png,1
pos_image_116.png,1
pos_image_117.png,1
pos_image_118.png,1
pos_image_119.png,1
pos_image_120.png,1
pos_image_121.png,1
pos_image_122.png,1
pos_image_123.png,1
pos_image_124.png,1
pos_image_125.png,1
pos_image_126.png,1
pos_image_127.png,1
pos_image_128.png,1
pos_image_129.png,1
pos_image_130.png,1
pos_image_131.png,1
pos_image_132.png,1
pos_image_133.png,1
pos_image_134.png,1
pos_image_135.png,1
pos_image_136.png,1
pos_image_137.png,1
pos_image_138.png,1
pos_image_139.png,1
pos_image_140.png,1
pos_image_141.png,1
pos_image_142.png,1
pos_image_143.png,1
pos_image_144.png,1
pos_image_145.png,1
pos_image_146.png,1
pos_image_147.png,1
pos_image_148.png,1
pos_image_149.png,1
pos_image_150.png,1
pos_image_151.png,1
pos_image_152.png,1
pos_image_153.png,1
pos_image_154.png,1
pos_image_155.png,1
pos_image_156.png,1
pos_image_157.png,1
pos_image_158.png,1
pos_image_159.png,1
pos_image_160.png,1
pos_image_161.png,1
pos_image_162.png,1
pos_image_163.png,1
pos_image_164.png,1
pos_image_165.png,1
pos_image_166.png,1
pos_image_167.png,1
pos_image_168.png,1
pos_image_169.png,1
pos_image_170.png,1
pos_image_171.png,1
pos_image_172.png,1
pos_image_173.png,1
pos_image_174.png,1
pos_image_175.png,1
pos_image_176.png,1
pos_image_177.png,1
pos_image_178.png,1
pos_image_179.png,1
pos_image_180.png,1
pos_image_181.png,1
pos_image_182.png,1
pos_image_183.png,1
pos_image_184.png,1
pos_image_185.png,1
pos_image_186.png,1
pos_image_187.png,1
pos_image_188.png,1
pos_image_189.png,1
pos_image_190.png,1
pos_image_191.png,1
pos_image_192.png,1
pos_image_193.png,1
pos_image_194.png,1
pos_image_195.png,1
pos_image_196.png,1
pos_image_197.png,1
pos_image_198.png,1
pos_image_199.png,1
pos_image_200.png,1
pos_image_201.png,1
pos_image_202.png,1
pos_image_203.png,1
pos_image_204.png,1
pos_image_205.png,1
pos_image_206.png,1
pos_image_207.png,1
pos_image_208.png,1
pos_image_209.png,1
pos_image_210.png,1
pos_image_211.png,1
pos_image_212.png,1
pos_image_213.png,1
pos_image_214.png,1
pos_image_215.png,1
pos_image_216.png,1
pos_image_217.png,1
pos_image_218.png,1
pos_image_219.png,1
pos_image_220.png,1
pos_image_221.png,1
pos_image_222.png,1
pos_image_223.png,1
pos_image_224.png,1
pos_image_225.png,1
pos_image_226.png,1
pos_image_227.png,1
pos_image_228.png,1
pos_image_229.png,1
pos_image_230.png,1
pos_image_231.png,1
pos_image_232.png,1
pos_image_233.png,1
pos_image_234.png,1
pos_image_235.png,1
pos_image_236.png,1
pos_image_237.png,1
pos_image_238.png,1
pos_image_239.png,1
pos_image_240.png,1
pos_image_241.png,1
pos_image_242.png,1
pos_image_243.png,1
pos_image_244.png,1
pos_image_245.png,1
pos_image_246.png,1
pos_image_247.png,1
pos_image_248.png,1
pos_image_249.png,1
pos_image_250.png,1
pos_image_251.png,1
pos_image_252.png,1
pos_image_253.png,1
pos_image_254.png,1
pos_image_255.png,1
pos_image_256.png,1
pos_image_257.png,1
pos_image_258.png,1
pos_image_259.png,1
pos_image_260.png,1
pos_image_261.png,1
pos_image_262.png,1
pos_image_263.png,1
pos_image_264.png,1
pos_image_265.png,1
pos_image_266.png,1
pos_image_267.png,1
pos_image_268.png,1
pos_image_269.png,1
pos_image_270.png,1
pos_image_271.png,1
pos_image_272.png,1
pos_image_273.png,1
pos_image_274.png,1
pos_image_275.png,1
pos_image_276.png,1
pos_image_277.png,1
pos_image_278.png,1
pos_image_279.png,1
pos_image_280.png,1
pos_image_281.png,1
pos_image_282.png,1
pos_image_283.png,1
pos_image_284.png,1
pos_image_285.png,1
pos_image_286.png,1
pos_image_287.png,1
pos_image_288.png,1
pos_image_289.png,1
pos_image_290.png,1
pos_image_291.png,1
pos_image_292.png,1
pos_image_293.png,1
pos_image_294.png,1
pos_image_295.png,1
pos_image_296.png,1
pos_image_297.png,1
pos_image_298.png,1
pos_image_299.png,1
pos_image_300.png,1
pos_image_301.png,1
pos_image_302.png,1
pos_image_303.png,1
pos_image_304.png,1
pos_image_305.png,1
pos_image_306.png,1
pos_image_307.png,1
pos_image_308.png,1
pos_image_309.png,1
pos_image_310.png,1
pos_image_311.png,1
pos_image_312.png,1
pos_image_313.png,1
pos_image_314.png,1
pos_image_315.png,1
pos_image_316.png,1
pos_image_317.png,1
pos_image_318.png,1
pos_image_319.png,1
pos_image_320.png,1
pos_image_321.png,1
pos_image_322.png,1
pos_image_323.png,1
pos_image_324.png,1
pos_image_325.png,1
pos_image_326.png,1
pos_image_327.png,1
pos_image_328.png,1
pos_image_329.png,1
pos_image_330.png,1
pos_image_331.png,1
pos_image_332.png,1
pos_image_333.png,1
pos_image_334.png,1
pos_image_335.png,1
pos_image_336.png,1
pos_image_337.png,1
pos_image_338.png,1
pos_image_339.png,1
pos_image_340.png,1
pos_image_341.png,1
pos_image_342.png,1
pos_image_343.png,1
pos_image_344.png,1
pos_image_345.png,1
pos_image_346.png,1
pos_image_347.png,1
pos_image_348.png,1
pos_image_349.png,1
pos_image_350.png,1
pos_image_351.png,1
pos_image_352.png,1
pos_image_353.png,1
pos_image_354.png,1
pos_image_355.png,1
pos_image_356.png,1
pos_image_357.png,1
pos_image_358.png,1
pos_image_359.png,1
pos_image_360.png,1
pos_image_361.png,1
pos_image_362.png,1
pos_image_363.png,1
pos_image_364.png,1
pos_image_365.png,1
pos_image_366.png,1
pos_image_367.png,1
pos_image_368.png,1
pos_image_369.png,1
pos_image_370.png,1
pos_image_371.png,1
pos_image_372.png,1
pos_image_373.png,1
pos_image_374.png,1
pos_image_375.png,1
pos_image_376.png,1
pos_image_377.png,1
pos_image_378.png,1
pos_image_379.png,1
pos_image_380.png,1
pos_image_381.png,1
pos_image_382.png,1
pos_image_383.png,1
pos_image_384.png,1
pos_image_385.png,1
pos_image_386.png,1
pos_image_387.png,1
pos_image_388.png,1
pos_image_389.png,1
pos_image_390.png,1
pos_image_391.png,1
pos_image_392.png,1
pos_image_393.png,1
pos_image_394.png,1
pos_image_395.png,1
pos_image_396.png,1
pos_image_397.png,1
pos_image_398.png,1
pos_image_399.png,1
pos_image_400.png,1
pos_image_401.png,1
pos_image_402.png,1
pos_image_403.png,1
pos_image_404.png,1
pos_image_405.png,1
pos_image_406.png,1
pos_image_407.png,1
pos_image_408.png,1
pos_image_409.png,1
pos_image_410.png,1
pos_image_411.png,1
pos_image_412.png,1
pos_image_413.png,1
pos_image_414.png,1
pos_image_415.png,1
pos_image_416.png,1
pos_image_417.png,1
pos_image_418.png,1
pos_image_419.png,1
pos_image_420.png,1
pos_image_421.png,1
pos_image_422.png,1
pos_image_423.png,1
pos_image_424.png,1
pos_image_425.png,1
pos_image_426.png,1
pos_image_427.png,1
pos_image_428.png,1
pos_image_429.png,1
pos_image_430.png,1
pos_image_431.png,1
pos_image_432.png,1
pos_image_433.png,1
pos_image_434.png,1
pos_image_435.png,1
pos_image_436.png,1
pos_image_437.png,1
pos_image_438.png,1
pos_image_439.png,1
pos_image_440.png,1
pos_image_441.png,1
pos_image_442.png,1
pos_image_443.png,1
pos_image_444.png,1
pos_image_445.png,1
pos_image_446.png,1
pos_image_447.png,1
pos_image_448.png,1
pos_image_449.png,1
pos_image_450.png,1
pos_image_451.png,1
pos_image_452.png,1
pos_image_453.png,1
pos_image_454.png,1
pos_image_455.png,1
pos_image_456.png,1
pos_image_457.png,1
pos_image_458.png,1
pos_image_459.png,1
pos_image_460.png,1
pos_image_461.png,1
pos_image_462.png,1
pos_image_463.png,1
pos_image_464.png,1
pos_image_465.png,1
pos_image_466.png,1
pos_image_467.png,1
pos_image_468.png,1
pos_image_469.png,1
pos_image_470.png,1
pos_image_471.png,1
pos_image_472.png,1
pos_image_473.png,1
pos_image_474.png,1
pos_image_475.png,1
pos_image_476.png,1
pos_image_477.png,1
pos_image_478.png,1
pos_image_479.png,1
pos_image_480.png,1
pos_image_481.png,1
pos_image_482.png,1
pos_image_483.png,1
pos_image_484.png,1
pos_image_485.png,1
pos_image_486.png,1
pos_image_487.png,1
pos_image_488.png,1
pos_image_489.png,1
pos_image_490.png,1
pos_image_491.png,1
pos_image_492.png,1
pos_image_493.png,1
pos_image_494.png,1
pos_image_495.png,1
pos_image_496.png,1
pos_image_497.png,1
pos_image_498.png,1
pos_image_499.png,1
pos_image_500.png,1
pos_image_501.png,1
pos_image_502.png,1
pos_image_503.png,1
pos_image_504.png,1
pos_image_505.png,1
pos_image_506.png,1
pos_image_507.png,1
pos_image_508.png,1
pos_image_509.png,1
pos_image_510.png,1
pos_image_511.png,1
pos_image_512.png,1
pos_image_513.png,1
pos_image_514.png,1
pos_image_515.png,1
pos_image_516.png,1
pos_image_517.png,1
pos_image_518.png,1
pos_image_519.png,1
pos_image_520.png,1
pos_image_521.png,1
pos_image_522.png,1
pos_image_523.png,1
pos_image_524.png,1
pos_image_525.png,1
pos_image_526.png,1
pos_image_527.png,1
pos_image_528.png,1
pos_image_529.png,1
pos_image_530.png,1
pos_image_531.png,1
pos_image_532.png,1
pos_image_533.png,1
pos_image_534.png,1
pos_image_535.png,1
pos_image_536.png,1
pos_image_537.png,1
pos_image_538.png,1
pos_image_539.png,1
pos_image_540.png,1
pos_image_541.png,1
pos_image_542.png,1
pos_image_543.png,1
pos_image_544.png,1
pos_image_545.png,1
pos_image_546.png,1
pos_image_547.png,1
pos_image_548.png,1
pos_image_549.png,1
pos_image_550.png,1
pos_image_551.png,1
pos_image_552.png,1
pos_image_553.png,1
pos_image_554.png,1
pos_image_555.png,1
pos_image_556.png,1
pos_image_557.png,1
pos_image_558.png,1
pos_image_559.png,1
pos_image_560.png,1
pos_image_561.png,1
pos_image_562.png,1
pos_image_563.png,1
pos_image_564.png,1
pos_image_565.png,1
pos_image_566.png,1
pos_image_567.png,1
pos_image_568.png,1
pos_image_569.png,1
pos_image_570.png,1
pos_image_571.png,1
pos_image_572.png,1
pos_image_573.png,1
pos_image_574.png,1
pos_image_575.png,1
pos_image_576.png,1
pos_image_577.png,1
pos_image_578.png,1
pos_image_579.png,1
pos_image_580.png,1
pos_image_581.png,1
pos_image_582.png,1
pos_image_583.png,1
pos_image_584.png,1
pos_image_585.png,1
pos_image_586.png,1
pos_image_587.png,1
pos_image_588.png,1
pos_image_589.png,1
pos_image_590.png,1
pos_image_591.png,1
pos_image_592.png,1
pos_image_593.png,1
pos_image_594.png,1
pos_image_595.png,1
pos_image_596.png,1
pos_image_597.png,1
pos_image_598.png,1
pos_image_599.png,1
pos_image_600.png,1
pos_image_601.png,1
pos_image_602.png,1
pos_image_603.png,1
pos_image_604.png,1
pos_image_605.png,1
pos_image_606.png,1
pos_image_607.png,1
pos_image_608.png,1
pos_image_609.png,1
pos_image_610.png,1
pos_image_611.png,1
pos_image_612.png,1
pos_image_613.png,1
pos_image_614.png,1
pos_image_615.png,1
pos_image_616.png,1
pos_image_617.png,1
pos_image_618.png,1
pos_image_619.png,1
pos_image_620.png,1
pos_image_621.png,1
pos_image_622.png,1
pos_image_623.png,1
pos_image_624.png,1
pos_image_625.png,1
pos_image_626.png,1
pos_image_627.png,1
pos_image_628.png,1
pos_image_629.png,1
pos_image_630.png,1
pos_image_631.png,1
pos_image_632.png,1
pos_image_633.png,1
pos_image_634.png,1
pos_image_635.png,1
pos_image_636.png,1
pos_image_637.png,1
pos_image_638.png,1
pos_image_639.png,1
pos_image_640.png,1
pos_image_641.png,1
pos_image_642.png,1
pos_image_643.png,1
pos_image_644.png,1
pos_image_645.png,1
pos_image_646.png,1
pos_image_647.png,1
pos_image_648.png,1
pos_image_649.png,1
pos_image_650.png,1
pos_image_651.png,1
pos_image_652.png,1
pos_image_653.png,1
pos_image_654.png,1
pos_image_655.png,1
pos_image_656.png,1
pos_image_657.png,1
pos_image_658.png,1
pos_image_659.png,1
pos_image_660.png,1
pos_image_661.png,1
pos_image_662.png,1
pos_image_663.png,1
pos_image_664.png,1
pos_image_665.png,1
pos_image_666.png,1
pos_image_667.png,1
pos_image_668.png,1
pos_image_669.png,1
pos_image_670.png,1
pos_image_671.png,1
pos_image_672.png,1
pos_image_673.png,1
pos_image_674.png,1
pos_image_675.png,1
pos_image_676.png,1
pos_image_677.png,1
pos_image_678.png,1
pos_image_679.png,1
pos_image_680.png,1
pos_image_681.png,1
pos_image_682.png,1
pos_image_683.png,1
pos_image_684.png,1
pos_image_685.png,1
pos_image_686.png,1
pos_image_687.png,1
pos_image_688.png,1
pos_image_689.png,1
pos_image_690.png,1
pos_image_691.png,1
pos_image_692.png,1
pos_image_693.png,1
pos_image_694.png,1
pos_image_695.png,1
pos_image_696.png,1
pos_image_697.png,1
pos_image_698.png,1
pos_image_699.png,1
pos_image_700.png,1
pos_image_701.png,1
pos_image_702.png,1
pos_image_703.png,1
pos_image_704.png,1
pos_image_705.png,1
pos_image_706.png,1
pos_image_707.png,1
pos_image_708.png,1
pos_image_709.png,1
pos_image_710.png,1
pos_image_711.png,1
pos_image_712.png,1
pos_image_713.png,1
pos_image_714.png,1
pos_image_715.png,1
pos_image_716.png,1
pos_image_717.png,1
pos_image_718.png,1
pos_image_719.png,1
pos_image_720.png,1
pos_image_721.png,1
pos_image_722.png,1
pos_image_723.png,1
pos_image_724.png,1
pos_image_725.png,1
pos_image_726.png,1
pos_image_727.png,1
pos_image_728.png,1
pos_image_729.png,1
pos_image_730.png,1
pos_image_731.png,1
pos_image_732.png,1
pos_image_733.png,1
pos_image_734.png,1
pos_image_735.png,1
pos_image_736.png,1
pos_image_737.png,1
pos_image_738.png,1
pos_image_739.png,1
pos_image_740.png,1
pos_image_741.png,1
pos_image_742.png,1
pos_image_743.png,1
pos_image_744.png,1
pos_image_745.png,1
pos_image_746.png,1
pos_image_747.png,1
pos_image_748.png,1
pos_image_749.png,1
pos_image_750.png,1
pos_image_751.png,1
pos_image_752.png,1
pos_image_753.png,1
pos_image_754.png,1
pos_image_755.png,1
pos_image_756.png,1
pos_image_757.png,1
pos_image_758.png,1
pos_image_759.png,1
pos_image_760.png,1
pos_image_761.png,1
pos_image_762.png,1
pos_image_763.png,1
pos_image_764.png,1
pos_image_765.png,1
pos_image_766.png,1
pos_image_767.png,1
pos_image_768.png,1
pos_image_769.png,1
pos_image_770.png,1
pos_image_771.png,1
pos_image_772.png,1
pos_image_773.png,1
pos_image_774.png,1
pos_image_775.png,1
pos_image_776.png,1
pos_image_777.png,1
pos_image_778.png,1
pos_image_779.png,1
pos_image_780.png,1
pos_image_781.png,1
pos_image_782.png,1
pos_image_783.png,1
pos_image_784.png,1
pos_image_785.png,1
pos_image_786.png,1
pos_image_787.png,1
pos_image_788.png,1
pos_image_789.png,1
pos_image_790.png,1
pos_image_791.png,1
pos_image_792.png,1
pos_image_793.png,1
pos_image_794.png,1
pos_image_795.png,1
pos_image_796.png,1
pos_image_797.png,1
pos_image_798.png,1
pos_image_799.png,1
pos_image_800.png,1
pos_image_801.png,1
pos_image_802.png,1
pos_image_803.png,1
pos_image_804.png,1
pos_image_805.png,1
pos_image_806.png,1
pos_image_807.png,1
pos_image_808.png,1
pos_image_809.png,1
pos_image_810.png,1
pos_image_811.png,1
pos_image_812.png,1
pos_image_813.png,1
pos_image_814.png,1
pos_image_815.png,1
pos_image_816.png,1
pos_image_817.png,1
pos_image_818.png,1
pos_image_819.png,1
pos_image_820.png,1
pos_image_821.png,1
pos_image_822.png,1
pos_image_823.png,1
pos_image_824.png,1
pos_image_825.png,1
pos_image_826.png,1
pos_image_827.png,1
pos_image_828.png,1
pos_image_829.png,1
pos_image_830.png,1
pos_image_831.png,1
pos_image_832.png,1
pos_image_833.png,1
pos_image_834.png,1
pos_image_835.png,1
pos_image_836.png,1
pos_image_837.png,1
pos_image_838.png,1
pos_image_839.png,1
pos_image_840.png,1
pos_image_841.png,1
pos_image_842.png,1
pos_image_843.png,1
pos_image_844.png,1
pos_image_845.png,1
pos_image_846.png,1
pos_image_847.png,1
pos_image_848.png,1
pos_image_849.png,1
pos_image_850.png,1
pos_image_851.png,1
pos_image_852.png,1
pos_image_853.png,1
pos_image_854.png,1
pos_image_855.png,1
pos_image_856.png,1
pos_image_857.png,1
pos_image_858.png,1
pos_image_859.png,1
pos_image_860.png,1
pos_image_861.png,1
pos_image_862.png,1
pos_image_863.png,1
pos_image_864.png,1
pos_image_865.png,1
pos_image_866.png,1
pos_image_867.png,1
pos_image_868.png,1
pos_image_869.png,1
pos_image_870.png,1
pos_image_871.png,1
pos_image_872.png,1
pos_image_873.png,1
pos_image_874.png,1
pos_image_875.png,1
pos_image_876.png,1
pos_image_877.png,1
pos_image_878.png,1
pos_image_879.png,1
pos_image_880.png,1
pos_image_881.png,1
pos_image_882.png,1
pos_image_883.png,1
pos_image_884.png,1
pos_image_885.png,1
pos_image_886.png,1
pos_image_887.png,1
pos_image_888.png,1
pos_image_889.png,1
pos_image_890.png,1
pos_image_891.png,1
pos_image_892.png,1
pos_image_893.png,1
pos_image_894.png,1
pos_image_895.png,1
pos_image_896.png,1
pos_image_897.png,1
pos_image_898.png,1
pos_image_899.png,1
pos_image_900.png,1
pos_image_901.png,1
pos_image_902.png,1
pos_image_903.png,1
pos_image_904.png,1
pos_image_905.png,1
pos_image_906.png,1
pos_image_907.png,1
pos_image_908.png,1
pos_image_909.png,1
pos_image_910.png,1
pos_image_911.png,1
pos_image_912.png,1
pos_image_913.png,1
pos_image_914.png,1
pos_image_915.png,1
pos_image_916.png,1
pos_image_917.png,1
pos_image_918.png,1
pos_image_919.png,1
pos_image_920.png,1
pos_image_921.png,1
pos_image_922.png,1
pos_image_923.png,1
pos_image_924.png,1
pos_image_925.png,1
pos_image_926.png,1
pos_image_927.png,1
pos_image_928.png,1
pos_image_929.png,1
pos_image_930.png,1
pos_image_931.png,1
pos_image_932.png,1
pos_image_933.png,1
pos_image_934.png,1
pos_image_935.png,1
pos_image_936.png,1
pos_image_937.png,1
pos_image_938.png,1
pos_image_939.png,1
pos_image_940.png,1
pos_image_941.png,1
pos_image_942.png,1
pos_image_943.png,1
pos_image_944.png,1
pos_image_945.png,1
pos_image_946.png,1
pos_image_947.png,1
pos_image_948.png,1
pos_image_949.png,1
pos_image_950.png,1
pos_image_951.png,1
pos_image_952.png,1
pos_image_953.png,1
pos_image_954.png,1
pos_image_955.png,1
pos_image_956.png,1
pos_image_957.png,1
pos_image_958.png,1
pos_image_959.png,1
pos_image_960.png,1
pos_image_961.png,1
pos_image_962.png,1
pos_image_963.png,1
pos_image_964.png,1
pos_image_965.png,1
pos_image_966.png,1
pos_image_967.png,1
pos_image_968.png,1
pos_image_969.png,1
pos_image_970.png,1
pos_image_971.png,1
pos_image_972.png,1
pos_image_973.png,1
pos_image_974.png,1
pos_image_975.png,1
pos_image_976.png,1
pos_image_977.png,1
pos_image_978.png,1
pos_image_979.png,1
pos_image_980.png,1
pos_image_981.png,1
pos_image_982.png,1
pos_image_983.png,1
pos_image_984.png,1
pos_image_985.png,1
pos_image_986.png,1
pos_image_987.png,1
pos_image_988.png,1
pos_image_989.png,1
pos_image_990.png,1
pos_image_991.png,1
pos_image_992.png,1
pos_image_993.png,1
pos_image_994.png,1
pos_image_995.png,1
pos_image_996.png,1
pos_image_997.png,1
pos_image_998.png,1
pos_image_999.png,1
pos_image_1000.png,1
neg_image_1.png,0
neg_image_2.png,0
neg_image_3.png,0
neg_image_4.png,0
neg_image_5.png,0
neg_image_6.png,0
neg_image_7.png,0
neg_image_8.png,0
neg_image_9.png,0
neg_image_10.png,0
neg_image_11.png,0
neg_image_12.png,0
neg_image_13.png,0
neg_image_14.png,0
neg_image_15.png,0
neg_image_16.png,0
neg_image_17.png,0
neg_image_18.png,0
neg_image_19.png,0
neg_image_20.png,0
neg_image_21.png,0
neg_image_22.png,0
neg_image_23.png,0
neg_image_24.png,0
neg_image_25.png,0
neg_image_26.png,0
neg_image_27.png,0
neg_image_28.png,0
neg_image_29.png,0
neg_image_30.png,0
neg_image_31.png,0
neg_image_32.png,0
neg_image_33.png,0
neg_image_34.png,0
neg_image_35.png,0
neg_image_36.png,0
neg_image_37.png,0
neg_image_38.png,0
neg_image_39.png,0
neg_image_40.png,0
neg_image_41.png,0
neg_image_42.png,0
neg_image_43.png,0
neg_image_44.png,0
neg_image_45.png,0
neg_image_46.png,0
neg_image_47.png,0
neg_image_48.png,0
neg_image_49.png,0
neg_image_50.png,0
neg_image_51.png,0
neg_image_52.png,0
neg_image_53.png,0
neg_image_54.png,0
neg_image_55.png,0
neg_image_56.png,0
neg_image_57.png,0
neg_image_58.png,0
neg_image_59.png,0
neg_image_60.png,0
neg_image_61.png,0
neg_image_62.png,0
neg_image_63.png,0
neg_image_64.png,0
neg_image_65.png,0
neg_image_66.png,0
neg_image_67.png,0
neg_image_68.png,0
neg_image_69.png,0
neg_image_70.png,0
neg_image_71.png,0
neg_image_72.png,0
neg_image_73.png,0
neg_image_74.png,0
neg_image_75.png,0
neg_image_76.png,0
neg_image_77.png,0
neg_image_78.png,0
neg_image_79.png,0
neg_image_80.png,0
neg_image_81.png,0
neg_image_82.png,0
neg_image_83.png,0
neg_image_84.png,0
neg_image_85.png,0
neg_image_86.png,0
neg_image_87.png,0
neg_image_88.png,0
neg_image_89.png,0
neg_image_90.png,0
neg_image_91.png,0
neg_image_92.png,0
neg_image_93.png,0
neg_image_94.png,0
neg_image_95.png,0
neg_image_96.png,0
neg_image_97.png,0
neg_image_98.png,0
neg_image_99.png,0
neg_image_100.png,0
neg_image_101.png,0
neg_image_102.png,0
neg_image_103.png,0
neg_image_104.png,0
neg_image_105.png,0
neg_image_106.png,0
neg_image_107.png,0
neg_image_108.png,0
neg_image_109.png,0
neg_image_110.png,0
neg_image_111.png,0
neg_image_112.png,0
neg_image_113.png,0
neg_image_114.png,0
neg_image_115.png,0
neg_image_116.png,0
neg_image_117.png,0
neg_image_118.png,0
neg_image_119.png,0
neg_image_120.png,0
neg_image_121.png,0
neg_image_122.png,0
neg_image_123.png,0
neg_image_124.png,0
neg_image_125.png,0
neg_image_126.png,0
neg_image_127.png,0
neg_image_128.png,0
neg_image_129.png,0
neg_image_130.png,0
neg_image_131.png,0
neg_image_132.png,0
neg_image_133.png,0
neg_image_134.png,0
neg_image_135.png,0
neg_image_136.png,0
neg_image_137.png,0
neg_image_138.png,0
neg_image_139.png,0
neg_image_140.png,0
neg_image_141.png,0
neg_image_142.png,0
neg_image_143.png,0
neg_image_144.png,0
neg_image_145.png,0
neg_image_146.png,0
neg_image_147.png,0
neg_image_148.png,0
neg_image_149.png,0
neg_image_150.png,0
neg_image_151.png,0
neg_image_152.png,0
neg_image_153.png,0
neg_image_154.png,0
neg_image_155.png,0
neg_image_156.png,0
neg_image_157.png,0
neg_image_158.png,0
neg_image_159.png,0
neg_image_160.png,0
neg_image_161.png,0
neg_image_162.png,0
neg_image_163.png,0
neg_image_164.png,0
neg_image_165.png,0
neg_image_166.png,0
neg_image_167.png,0
neg_image_168.png,0
neg_image_169.png,0
neg_image_170.png,0
neg_image_171.png,0
neg_image_172.png,0
neg_image_173.png,0
neg_image_174.png,0
neg_image_175.png,0
neg_image_176.png,0
neg_image_177.png,0
neg_image_178.png,0
neg_image_179.png,0
neg_image_180.png,0
neg_image_181.png,0
neg_image_182.png,0
neg_image_183.png,0
neg_image_184.png,0
neg_image_185.png,0
neg_image_186.png,0
neg_image_187.png,0
neg_image_188.png,0
neg_image_189.png,0
neg_image_190.png,0
neg_image_191.png,0
neg_image_192.png,0
neg_image_193.png,0
neg_image_194.png,0
neg_image_195.png,0
neg_image_196.png,0
neg_image_197.png,0
neg_image_198.png,0
neg_image_199.png,0
neg_image_200.png,0
neg_image_201.png,0
neg_image_202.png,0
neg_image_203.png,0
neg_image_204.png,0
neg_image_205.png,0
neg_image_206.png,0
neg_image_207.png,0
neg_image_208.png,0
neg_image_209.png,0
neg_image_210.png,0
neg_image_211.png,0
neg_image_212.png,0
neg_image_213.png,0
neg_image_214.png,0
neg_image_215.png,0
neg_image_216.png,0
neg_image_217.png,0
neg_image_218.png,0
neg_image_219.png,0
neg_image_220.png,0
neg_image_221.png,0
neg_image_222.png,0
neg_image_223.png,0
neg_image_224.png,0
neg_image_225.png,0
neg_image_226.png,0
neg_image_227.png,0
neg_image_228.png,0
neg_image_229.png,0
neg_image_230.png,0
neg_image_231.png,0
neg_image_232.png,0
neg_image_233.png,0
neg_image_234.png,0
neg_image_235.png,0
neg_image_236.png,0
neg_image_237.png,0
neg_image_238.png,0
neg_image_239.png,0
neg_image_240.png,0
neg_image_241.png,0
neg_image_242.png,0
neg_image_243.png,0
neg_image_244.png,0
neg_image_245.png,0
neg_image_246.png,0
neg_image_247.png,0
neg_image_248.png,0
neg_image_249.png,0
neg_image_250.png,0
neg_image_251.png,0
neg_image_252.png,0
neg_image_253.png,0
neg_image_254.png,0
neg_image_255.png,0
neg_image_256.png,0
neg_image_257.png,0
neg_image_258.png,0
neg_image_259.png,0
neg_image_260.png,0
neg_image_261.png,0
neg_image_262.png,0
neg_image_263.png,0
neg_image_264.png,0
neg_image_265.png,0
neg_image_266.png,0
neg_image_267.png,0
neg_image_268.png,0
neg_image_269.png,0
neg_image_270.png,0
neg_image_271.png,0
neg_image_272.png,0
neg_image_273.png,0
neg_image_274.png,0
neg_image_275.png,0
neg_image_276.png,0
neg_image_277.png,0
neg_image_278.png,0
neg_image_279.png,0
neg_image_280.png,0
neg_image_281.png,0
neg_image_282.png,0
neg_image_283.png,0
neg_image_284.png,0
neg_image_285.png,0
neg_image_286.png,0
neg_image_287.png,0
neg_image_288.png,0
neg_image_289.png,0
neg_image_290.png,0
neg_image_291.png,0
neg_image_292.png,0
neg_image_293.png,0
neg_image_294.png,0
neg_image_295.png,0
neg_image_296.png,0
neg_image_297.png,0
neg_image_298.png,0
neg_image_299.png,0
neg_image_300.png,0
neg_image_301.png,0
neg_image_302.png,0
neg_image_303.png,0
neg_image_304.png,0
neg_image_305.png,0
neg_image_306.png,0
neg_image_307.png,0
neg_image_308.png,0
neg_image_309.png,0
neg_image_310.png,0
neg_image_311.png,0
neg_image_312.png,0
neg_image_313.png,0
neg_image_314.png,0
neg_image_315.png,0
neg_image_316.png,0
neg_image_317.png,0
neg_image_318.png,0
neg_image_319.png,0
neg_image_320.png,0
neg_image_321.png,0
neg_image_322.png,0
neg_image_323.png,0
neg_image_324.png,0
neg_image_325.png,0
neg_image_326.png,0
neg_image_327.png,0
neg_image_328.png,0
neg_image_329.png,0
neg_image_330.png,0
neg_image_331.png,0
neg_image_332.png,0
neg_image_333.png,0
neg_image_334.png,0
neg_image_335.png,0
neg_image_336.png,0
neg_image_337.png,0
neg_image_338.png,0
neg_image_339.png,0
neg_image_340.png,0
neg_image_341.png,0
neg_image_342.png,0
neg_image_343.png,0
neg_image_344.png,0
neg_image_345.png,0
neg_image_346.png,0
neg_image_347.png,0
neg_image_348.png,0
neg_image_349.png,0
neg_image_350.png,0
neg_image_351.png,0
neg_image_352.png,0
neg_image_353.png,0
neg_image_354.png,0
neg_image_355.png,0
neg_image_356.png,0
neg_image_357.png,0
neg_image_358.png,0
neg_image_359.png,0
neg_image_360.png,0
neg_image_361.png,0
neg_image_362.png,0
neg_image_363.png,0
neg_image_364.png,0
neg_image_365.png,0
neg_image_366.png,0
neg_image_367.png,0
neg_image_368.png,0
neg_image_369.png,0
neg_image_370.png,0
neg_image_371.png,0
neg_image_372.png,0
neg_image_373.png,0
neg_image_374.png,0
neg_image_375.png,0
neg_image_376.png,0
neg_image_377.png,0
neg_image_378.png,0
neg_image_379.png,0
neg_image_380.png,0
neg_image_381.png,0
neg_image_382.png,0
neg_image_383.png,0
neg_image_384.png,0
neg_image_385.png,0
neg_image_386.png,0
neg_image_387.png,0
neg_image_388.png,0
neg_image_389.png,0
neg_image_390.png,0
neg_image_391.png,0
neg_image_392.png,0
neg_image_393.png,0
neg_image_394.png,0
neg_image_395.png,0
neg_image_396.png,0
neg_image_397.png,0
neg_image_398.png,0
neg_image_399.png,0
neg_image_400.png,0
neg_image_401.png,0
neg_image_402.png,0
neg_image_403.png,0
neg_image_404.png,0
neg_image_405.png,0
neg_image_406.png,0
neg_image_407.png,0
neg_image_408.png,0
neg_image_409.png,0
neg_image_410.png,0
neg_image_411.png,0
neg_image_412.png,0
neg_image_413.png,0
neg_image_414.png,0
neg_image_415.png,0
neg_image_416.png,0
neg_image_417.png,0
neg_image_418.png,0
neg_image_419.png,0
neg_image_420.png,0
neg_image_421.png,0
neg_image_422.png,0
neg_image_423.png,0
neg_image_424.png,0
neg_image_425.png,0
neg_image_426.png,0
neg_image_427.png,0
neg_image_428.png,0
neg_image_429.png,0
neg_image_430.png,0
neg_image_431.png,0
neg_image_432.png,0
neg_image_433.png,0
neg_image_434.png,0
neg_image_435.png,0
neg_image_436.png,0
neg_image_437.png,0
neg_image_438.png,0
neg_image_439.png,0
neg_image_440.png,0
neg_image_441.png,0
neg_image_442.png,0
neg_image_443.png,0
neg_image_444.png,0
neg_image_445.png,0
neg_image_446.png,0
neg_image_447.png,0
neg_image_448.png,0
neg_image_449.png,0
neg_image_450.png,0
neg_image_451.png,0
neg_image_452.png,0
neg_image_453.png,0
neg_image_454.png,0
neg_image_455.png,0
neg_image_456.png,0
neg_image_457.png,0
neg_image_458.png,0
neg_image_459.png,0
neg_image_460.png,0
neg_image_461.png,0
neg_image_462.png,0
neg_image_463.png,0
neg_image_464.png,0
neg_image_465.png,0
neg_image_466.png,0
neg_image_467.png,0
neg_image_468.png,0
neg_image_469.png,0
neg_image_470.png,0
neg_image_471.png,0
neg_image_472.png,0
neg_image_473.png,0
neg_image_474.png,0
neg_image_475.png,0
neg_image_476.png,0
neg_image_477.png,0
neg_image_478.png,0
neg_image_479.png,0
neg_image_480.png,0
neg_image_481.png,0
neg_image_482.png,0
neg_image_483.png,0
neg_image_484.png,0
neg_image_485.png,0
neg_image_486.png,0
neg_image_487.png,0
neg_image_488.png,0
neg_image_489.png,0
neg_image_490.png,0
neg_image_491.png,0
neg_image_492.png,0
neg_image_493.png,0
neg_image_494.png,0
neg_image_495.png,0
neg_image_496.png,0
neg_image_497.png,0
neg_image_498.png,0
neg_image_499.png,0
neg_image_500.png,0
neg_image_501.png,0
neg_image_502.png,0
neg_image_503.png,0
neg_image_504.png,0
neg_image_505.png,0
neg_image_506.png,0
neg_image_507.png,0
neg_image_508.png,0
neg_image_509.png,0
neg_image_510.png,0
neg_image_511.png,0
neg_image_512.png,0
neg_image_513.png,0
neg_image_514.png,0
neg_image_515.png,0
neg_image_516.png,0
neg_image_517.png,0
neg_image_518.png,0
neg_image_519.png,0
neg_image_520.png,0
neg_image_521.png,0
neg_image_522.png,0
neg_image_523.png,0
neg_image_524.png,0
neg_image_525.png,0
neg_image_526.png,0
neg_image_527.png,0
neg_image_528.png,0
neg_image_529.png,0
neg_image_530.png,0
neg_image_531.png,0
neg_image_532.png,0
neg_image_533.png,0
neg_image_534.png,0
neg_image_535.png,0
neg_image_536.png,0
neg_image_537.png,0
neg_image_538.png,0
neg_image_539.png,0
neg_image_540.png,0
neg_image_541.png,0
neg_image_542.png,0
neg_image_543.png,0
neg_image_544.png,0
neg_image_545.png,0
neg_image_546.png,0
neg_image_547.png,0
neg_image_548.png,0
neg_image_549.png,0
neg_image_550.png,0
neg_image_551.png,0
neg_image_552.png,0
neg_image_553.png,0
neg_image_554.png,0
neg_image_555.png,0
neg_image_556.png,0
neg_image_557.png,0
neg_image_558.png,0
neg_image_559.png,0
neg_image_560.png,0
neg_image_561.png,0
neg_image_562.png,0
neg_image_563.png,0
neg_image_564.png,0
neg_image_565.png,0
neg_image_566.png,0
neg_image_567.png,0
neg_image_568.png,0
neg_image_569.png,0
neg_image_570.png,0
neg_image_571.png,0
neg_image_572.png,0
neg_image_573.png,0
neg_image_574.png,0
neg_image_575.png,0
neg_image_576.png,0
neg_image_577.png,0
neg_image_578.png,0
neg_image_579.png,0
neg_image_580.png,0
neg_image_581.png,0
neg_image_582.png,0
neg_image_583.png,0
neg_image_584.png,0
neg_image_585.png,0
neg_image_586.png,0
neg_image_587.png,0
neg_image_588.png,0
neg_image_589.png,0
neg_image_590.png,0
neg_image_591.png,0
neg_image_592.png,0
neg_image_593.png,0
neg_image_594.png,0
neg_image_595.png,0
neg_image_596.png,0
neg_image_597.png,0
neg_image_598.png,0
neg_image_599.png,0
neg_image_600.png,0
neg_image_601.png,0
neg_image_602.png,0
neg_image_603.png,0
neg_image_604.png,0
neg_image_605.png,0
neg_image_606.png,0
neg_image_607.png,0
neg_image_608.png,0
neg_image_609.png,0
neg_image_610.png,0
neg_image_611.png,0
neg_image_612.png,0
neg_image_613.png,0
neg_image_614.png,0
neg_image_615.png,0
neg_image_616.png,0
neg_image_617.png,0
neg_image_618.png,0
neg_image_619.png,0
neg_image_620.png,0
neg_image_621.png,0
neg_image_622.png,0
neg_image_623.png,0
neg_image_624.png,0
neg_image_625.png,0
neg_image_626.png,0
neg_image_627.png,0
neg_image_628.png,0
neg_image_629.png,0
neg_image_630.png,0
neg_image_631.png,0
neg_image_632.png,0
neg_image_633.png,0
neg_image_634.png,0
neg_image_635.png,0
neg_image_636.png,0
neg_image_637.png,0
neg_image_638.png,0
neg_image_639.png,0
neg_image_640.png,0
neg_image_641.png,0
neg_image_642.png,0
neg_image_643.png,0
neg_image_644.png,0
neg_image_645.png,0
neg_image_646.png,0
neg_image_647.png,0
neg_image_648.png,0
neg_image_649.png,0
neg_image_650.png,0
neg_image_651.png,0
neg_image_652.png,0
neg_image_653.png,0
neg_image_654.png,0
neg_image_655.png,0
neg_image_656.png,0
neg_image_657.png,0
neg_image_658.png,0
neg_image_659.png,0
neg_image_660.png,0
neg_image_661.png,0
neg_image_662.png,0
neg_image_663.png,0
neg_image_664.png,0
neg_image_665.png,0
neg_image_666.png,0
neg_image_667.png,0
neg_image_668.png,0
neg_image_669.png,0
neg_image_670.png,0
neg_image_671.png,0
neg_image_672.png,0
neg_image_673.png,0
neg_image_674.png,0
neg_image_675.png,0
neg_image_676.png,0
neg_image_677.png,0
neg_image_678.png,0
neg_image_679.png,0
neg_image_680.png,0
neg_image_681.png,0
neg_image_682.png,0
neg_image_683.png,0
neg_image_684.png,0
neg_image_685.png,0
neg_image_686.png,0
neg_image_687.png,0
neg_image_688.png,0
neg_image_689.png,0
neg_image_690.png,0
neg_image_691.png,0
neg_image_692.png,0
neg_image_693.png,0
neg_image_694.png,0
neg_image_695.png,0
neg_image_696.png,0
neg_image_697.png,0
neg_image_698.png,0
neg_image_699.png,0
neg_image_700.png,0
neg_image_701.png,0
neg_image_702.png,0
neg_image_703.png,0
neg_image_704.png,0
neg_image_705.png,0
neg_image_706.png,0
neg_image_707.png,0
neg_image_708.png,0
neg_image_709.png,0
neg_image_710.png,0
neg_image_711.png,0
neg_image_712.png,0
neg_image_713.png,0
neg_image_714.png,0
neg_image_715.png,0
neg_image_716.png,0
neg_image_717.png,0
neg_image_718.png,0
neg_image_719.png,0
neg_image_720.png,0
neg_image_721.png,0
neg_image_722.png,0
neg_image_723.png,0
neg_image_724.png,0
neg_image_725.png,0
neg_image_726.png,0
neg_image_727.png,0
neg_image_728.png,0
neg_image_729.png,0
neg_image_730.png,0
neg_image_731.png,0
neg_image_732.png,0
neg_image_733.png,0
neg_image_734.png,0
neg_image_735.png,0
neg_image_736.png,0
neg_image_737.png,0
neg_image_738.png,0
neg_image_739.png,0
neg_image_740.png,0
neg_image_741.png,0
neg_image_742.png,0
neg_image_743.png,0
neg_image_744.png,0
neg_image_745.png,0
neg_image_746.png,0
neg_image_747.png,0
neg_image_748.png,0
neg_image_749.png,0
neg_image_750.png,0
neg_image_751.png,0
neg_image_752.png,0
neg_image_753.png,0
neg_image_754.png,0
neg_image_755.png,0
neg_image_756.png,0
neg_image_757.png,0
neg_image_758.png,0
neg_image_759.png,0
neg_image_760.png,0
neg_image_761.png,0
neg_image_762.png,0
neg_image_763.png,0
neg_image_764.png,0
neg_image_765.png,0
neg_image_766.png,0
neg_image_767.png,0
neg_image_768.png,0
neg_image_769.png,0
neg_image_770.png,0
neg_image_771.png,0
neg_image_772.png,0
neg_image_773.png,0
neg_image_774.png,0
neg_image_775.png,0
neg_image_776.png,0
neg_image_777.png,0
neg_image_778.png,0
neg_image_779.png,0
neg_image_780.png,0
neg_image_781.png,0
neg_image_782.png,0
neg_image_783.png,0
neg_image_784.png,0
neg_image_785.png,0
neg_image_786.png,0
neg_image_787.png,0
neg_image_788.png,0
neg_image_789.png,0
neg_image_790.png,0
neg_image_791.png,0
neg_image_792.png,0
neg_image_793.png,0
neg_image_794.png,0
neg_image_795.png,0
neg_image_796.png,0
neg_image_797.png,0
neg_image_798.png,0
neg_image_799.png,0
neg_image_800.png,0
neg_image_801.png,0
neg_image_802.png,0
neg_image_803.png,0
neg_image_804.png,0
neg_image_805.png,0
neg_image_806.png,0
neg_image_807.png,0
neg_image_808.png,0
neg_image_809.png,0
neg_image_810.png,0
neg_image_811.png,0
neg_image_812.png,0
neg_image_813.png,0
neg_image_814.png,0
neg_image_815.png,0
neg_image_816.png,0
neg_image_817.png,0
neg_image_818.png,0
neg_image_819.png,0
neg_image_820.png,0
neg_image_821.png,0
neg_image_822.png,0
neg_image_823.png,0
neg_image_824.png,0
neg_image_825.png,0
neg_image_826.png,0
neg_image_827.png,0
neg_image_828.png,0
neg_image_829.png,0
neg_image_830.png,0
neg_image_831.png,0
neg_image_832.png,0
neg_image_833.png,0
neg_image_834.png,0
neg_image_835.png,0
neg_image_836.png,0
neg_image_837.png,0
neg_image_838.png,0
neg_image_839.png,0
neg_image_840.png,0
neg_image_841.png,0
neg_image_842.png,0
neg_image_843.png,0
neg_image_844.png,0
neg_image_845.png,0
neg_image_846.png,0
neg_image_847.png,0
neg_image_848.png,0
neg_image_849.png,0
neg_image_850.png,0
neg_image_851.png,0
neg_image_852.png,0
neg_image_853.png,0
neg_image_854.png,0
neg_image_855.png,0
neg_image_856.png,0
neg_image_857.png,0
neg_image_858.png,0
neg_image_859.png,0
neg_image_860.png,0
neg_image_861.png,0
neg_image_862.png,0
neg_image_863.png,0
neg_image_864.png,0
neg_image_865.png,0
neg_image_866.png,0
neg_image_867.png,0
neg_image_868.png,0
neg_image_869.png,0
neg_image_870.png,0
neg_image_871.png,0
neg_image_872.png,0
neg_image_873.png,0
neg_image_874.png,0
neg_image_875.png,0
neg_image_876.png,0
neg_image_877.png,0
neg_image_878.png,0
neg_image_879.png,0
neg_image_880.png,0
neg_image_881.png,0
neg_image_882.png,0
neg_image_883.png,0
neg_image_884.png,0
neg_image_885.png,0
neg_image_886.png,0
neg_image_887.png,0
neg_image_888.png,0
neg_image_889.png,0
neg_image_890.png,0
neg_image_891.png,0
neg_image_892.png,0
neg_image_893.png,0
neg_image_894.png,0
neg_image_895.png,0
neg_image_896.png,0
neg_image_897.png,0
neg_image_898.png,0
neg_image_899.png,0
neg_image_900.png,0
neg_image_901.png,0
neg_image_902.png,0
neg_image_903.png,0
neg_image_904.png,0
neg_image_905.png,0
neg_image_906.png,0
neg_image_907.png,0
neg_image_908.png,0
neg_image_909.png,0
neg_image_910.png,0
neg_image_911.png,0
neg_image_912.png,0
neg_image_913.png,0
neg_image_914.png,0
neg_image_915.png,0
neg_image_916.png,0
neg_image_917.png,0
neg_image_918.png,0
neg_image_919.png,0
neg_image_920.png,0
neg_image_921.png,0
neg_image_922.png,0
neg_image_923.png,0
neg_image_924.png,0
neg_image_925.png,0
neg_image_926.png,0
neg_image_927.png,0
neg_image_928.png,0
neg_image_929.png,0
neg_image_930.png,0
neg_image_931.png,0
neg_image_932.png,0
neg_image_933.png,0
neg_image_934.png,0
neg_image_935.png,0
neg_image_936.png,0
neg_image_937.png,0
neg_image_938.png,0
neg_image_939.png,0
neg_image_940.png,0
neg_image_941.png,0
neg_image_942.png,0
neg_image_943.png,0
neg_image_944.png,0
neg_image_945.png,0
neg_image_946.png,0
neg_image_947.png,0
neg_image_948.png,0
neg_image_949.png,0
neg_image_950.png,0
neg_image_951.png,0
neg_image_952.png,0
neg_image_953.png,0
neg_image_954.png,0
neg_image_955.png,0
neg_image_956.png,0
neg_image_957.png,0
neg_image_958.png,0
neg_image_959.png,0
neg_image_960.png,0
neg_image_961.png,0
neg_image_962.png,0
neg_image_963.png,0
neg_image_964.png,0
neg_image_965.png,0
neg_image_966.png,0
neg_image_967.png,0
neg_image_968.png,0
neg_image_969.png,0
neg_image_970.png,0
neg_image_971.png,0
neg_image_972.png,0
neg_image_973.png,0
neg_image_974.png,0
neg_image_975.png,0
neg_image_976.png,0
neg_image_977.png,0
neg_image_978.png,0
neg_image_979.png,0
neg_image_980.png,0
neg_image_981.png,0
neg_image_982.png,0
neg_image_983.png,0
neg_image_984.png,0
neg_image_985.png,0
neg_image_986.png,0
neg_image_987.png,0
neg_image_988.png,0
neg_image_989.png,0
neg_image_990.png,0
neg_image_991.png,0
neg_image_992.png,0
neg_image_993.png,0
neg_image_994.png,0
neg_image_995.png,0
neg_image_996.png,0
neg_image_997.png,0
neg_image_998.png,0
neg_image_999.png,0
neg_image_1000.png,0
